{"v":"5.6.10","fr":60,"ip":0,"op":330,"w":2250,"h":2700,"nm":"画板","ddd":0,"assets":[{"id":"image_0","w":512,"h":512,"u":"images/","p":"img_0.png","e":0},{"id":"image_1","w":256,"h":16,"u":"images/","p":"img_1.jpg","e":0},{"id":"image_2","w":512,"h":512,"u":"images/","p":"img_2.png","e":0},{"id":"image_3","w":287,"h":287,"u":"images/","p":"img_3.png","e":0},{"id":"image_4","w":513,"h":1000,"u":"images/","p":"img_4.png","e":0},{"id":"image_5","w":651,"h":157,"u":"images/","p":"img_5.png","e":0},{"id":"comp_0","layers":[{"ddd":0,"ind":1,"ty":4,"nm":"路径","sr":1,"ks":{"o":{"a":0,"k":100,"ix":11},"r":{"a":0,"k":0,"ix":10},"p":{"a":0,"k":[36.259,27.734,0],"ix":2},"a":{"a":0,"k":[0,0,0],"ix":1},"s":{"a":0,"k":[100,100,100],"ix":6}},"ao":0,"shapes":[{"ty":"gr","it":[{"ind":0,"ty":"sh","ix":1,"ks":{"a":0,"k":{"i":[[0,0],[-0.16,-0.41],[0,0],[-0.21,-0.08],[0,0],[0.41,-0.16],[0,0],[0.08,-0.21],[0,0],[0.16,0.41],[0,0],[0.21,0.08],[0,0],[-0.41,0.16],[0,0],[-0.08,0.21]],"o":[[0.16,-0.41],[0,0],[0.08,0.21],[0,0],[0.41,0.16],[0,0],[-0.21,0.08],[0,0],[-0.16,0.41],[0,0],[-0.08,-0.21],[0,0],[-0.41,-0.16],[0,0],[0.21,-0.08],[0,0]],"v":[[-0.445,-2.685],[0.445,-2.685],[0.925,-1.385],[1.385,-0.925],[2.685,-0.445],[2.685,0.445],[1.385,0.925],[0.925,1.385],[0.445,2.685],[-0.445,2.685],[-0.925,1.385],[-1.385,0.925],[-2.685,0.445],[-2.685,-0.445],[-1.385,-0.925],[-0.925,-1.385]],"c":true},"ix":2},"nm":"路径 1","mn":"ADBE Vector Shape - Group","hd":false},{"ty":"fl","c":{"a":0,"k":[1,1,1,1],"ix":4},"o":{"a":0,"k":100,"ix":5},"r":1,"bm":0,"nm":"填充 1","mn":"ADBE Vector Graphic - Fill","hd":false},{"ty":"tr","p":{"a":0,"k":[0,0],"ix":2},"a":{"a":0,"k":[0,0],"ix":1},"s":{"a":0,"k":[300,300],"ix":3},"r":{"a":0,"k":0,"ix":6},"o":{"a":0,"k":100,"ix":7},"sk":{"a":0,"k":0,"ix":4},"sa":{"a":0,"k":0,"ix":5},"nm":"变换"}],"nm":"路径","np":2,"cix":2,"bm":0,"ix":1,"mn":"ADBE Vector Group","hd":false}],"ip":0,"op":618,"st":0,"bm":0},{"ddd":0,"ind":2,"ty":4,"nm":"路径","sr":1,"ks":{"o":{"a":0,"k":100,"ix":11},"r":{"a":0,"k":0,"ix":10},"p":{"a":0,"k":[66.107,58.86,0],"ix":2},"a":{"a":0,"k":[0,0,0],"ix":1},"s":{"a":0,"k":[100,100,100],"ix":6}},"ao":0,"shapes":[{"ty":"gr","it":[{"ind":0,"ty":"sh","ix":1,"ks":{"a":0,"k":{"i":[[0,0],[0,0],[0,0],[0,0]],"o":[[0,0],[0,0],[0,0],[0,0]],"v":[[4.861,-17.945],[15.141,-17.945],[-4.859,17.945],[-15.139,17.945]],"c":true},"ix":2},"nm":"路径 1","mn":"ADBE Vector Shape - Group","hd":false},{"ty":"fl","c":{"a":0,"k":[1,1,1,0.501960813999],"ix":4},"o":{"a":0,"k":50,"ix":5},"r":1,"bm":0,"nm":"填充 1","mn":"ADBE Vector Graphic - Fill","hd":false},{"ty":"tr","p":{"a":0,"k":[0,0],"ix":2},"a":{"a":0,"k":[0,0],"ix":1},"s":{"a":0,"k":[300,300],"ix":3},"r":{"a":0,"k":0,"ix":6},"o":{"a":0,"k":100,"ix":7},"sk":{"a":0,"k":0,"ix":4},"sa":{"a":0,"k":0,"ix":5},"nm":"变换"}],"nm":"路径","np":2,"cix":2,"bm":0,"ix":1,"mn":"ADBE Vector Group","hd":false}],"ip":0,"op":618,"st":0,"bm":0},{"ddd":0,"ind":3,"ty":4,"nm":"椭圆形","sr":1,"ks":{"o":{"a":0,"k":100,"ix":11},"r":{"a":0,"k":0,"ix":10},"p":{"a":0,"k":[62.462,58.751,0],"ix":2},"a":{"a":0,"k":[0,0,0],"ix":1},"s":{"a":0,"k":[100,100,100],"ix":6}},"ao":0,"shapes":[{"ty":"gr","it":[{"d":1,"ty":"el","s":{"a":0,"k":[25.228,23.278],"ix":2},"p":{"a":0,"k":[0,0],"ix":3},"nm":"椭圆路径 1","mn":"ADBE Vector Shape - Ellipse","hd":false},{"ty":"fl","c":{"a":0,"k":[0.980392158031,0.65098041296,0,1],"ix":4},"o":{"a":0,"k":100,"ix":5},"r":1,"bm":0,"nm":"填充 1","mn":"ADBE Vector Graphic - Fill","hd":false},{"ty":"tr","p":{"a":0,"k":[0,0],"ix":2},"a":{"a":0,"k":[0,0],"ix":1},"s":{"a":0,"k":[300,300],"ix":3},"r":{"a":0,"k":0,"ix":6},"o":{"a":0,"k":100,"ix":7},"sk":{"a":0,"k":0,"ix":4},"sa":{"a":0,"k":0,"ix":5},"nm":"变换"}],"nm":"椭圆形","np":2,"cix":2,"bm":0,"ix":1,"mn":"ADBE Vector Group","hd":false}],"ip":0,"op":618,"st":0,"bm":0},{"ddd":0,"ind":4,"ty":4,"nm":"椭圆形","sr":1,"ks":{"o":{"a":0,"k":100,"ix":11},"r":{"a":0,"k":0,"ix":10},"p":{"a":0,"k":[62.462,58.751,0],"ix":2},"a":{"a":0,"k":[0,0,0],"ix":1},"s":{"a":0,"k":[100,100,100],"ix":6}},"ao":0,"shapes":[{"ty":"gr","it":[{"d":1,"ty":"el","s":{"a":0,"k":[38.974,35.962],"ix":2},"p":{"a":0,"k":[0,0],"ix":3},"nm":"椭圆路径 1","mn":"ADBE Vector Shape - Ellipse","hd":false},{"ty":"fl","c":{"a":0,"k":[1,0.811764717102,0.164705887437,1],"ix":4},"o":{"a":0,"k":100,"ix":5},"r":1,"bm":0,"nm":"填充 1","mn":"ADBE Vector Graphic - Fill","hd":false},{"ty":"tr","p":{"a":0,"k":[0,0],"ix":2},"a":{"a":0,"k":[0,0],"ix":1},"s":{"a":0,"k":[300,300],"ix":3},"r":{"a":0,"k":0,"ix":6},"o":{"a":0,"k":100,"ix":7},"sk":{"a":0,"k":0,"ix":4},"sa":{"a":0,"k":0,"ix":5},"nm":"变换"}],"nm":"椭圆形","np":2,"cix":2,"bm":0,"ix":1,"mn":"ADBE Vector Group","hd":false}],"ip":0,"op":618,"st":0,"bm":0}]}],"layers":[{"ddd":0,"ind":1,"ty":2,"nm":"Group 2128932042","refId":"image_0","sr":1,"ks":{"o":{"a":0,"k":100,"ix":11},"r":{"a":0,"k":0,"ix":10},"p":{"a":0,"k":[1122,900,0],"ix":2},"a":{"a":0,"k":[150.069,91.218,0],"ix":1},"s":{"a":1,"k":[{"i":{"x":[0.11,0.11,0.11],"y":[1,1,1]},"o":{"x":[0.23,0.23,0.23],"y":[0,0,0]},"t":369,"s":[0,0,100]},{"t":409,"s":[101.953,101.953,100]}],"ix":6}},"ao":0,"ip":0,"op":605,"st":0,"bm":0},{"ddd":0,"ind":2,"ty":2,"nm":"Line 1","refId":"image_1","sr":1,"ks":{"o":{"a":1,"k":[{"i":{"x":[0.833],"y":[0.833]},"o":{"x":[0.167],"y":[0.167]},"t":230,"s":[0]},{"i":{"x":[0.833],"y":[0.833]},"o":{"x":[0.167],"y":[0.167]},"t":250,"s":[100]},{"i":{"x":[0.833],"y":[0.833]},"o":{"x":[0.167],"y":[0.167]},"t":320,"s":[100]},{"i":{"x":[0.833],"y":[0.833]},"o":{"x":[0.167],"y":[0.167]},"t":330,"s":[0]},{"t":350,"s":[0]}],"ix":11},"r":{"a":0,"k":0,"ix":10},"p":{"a":1,"k":[{"i":{"x":0.667,"y":1},"o":{"x":0.333,"y":0},"t":250,"s":[981,637,0],"to":[0,58,0],"ti":[0,0.5,0]},{"i":{"x":0.667,"y":1},"o":{"x":0.333,"y":0},"t":277,"s":[981,985,0],"to":[0,-0.5,0],"ti":[0,29.167,0]},{"i":{"x":0.667,"y":1},"o":{"x":0.333,"y":0},"t":302,"s":[981,634,0],"to":[0,-29.167,0],"ti":[0,-29.333,0]},{"t":330,"s":[981,810,0]}],"ix":2},"a":{"a":0,"k":[128,8,0],"ix":1},"s":{"a":0,"k":[150,150,100],"ix":6}},"ao":0,"ip":0,"op":611,"st":0,"bm":0},{"ddd":0,"ind":3,"ty":2,"nm":"币","refId":"image_2","sr":1,"ks":{"o":{"a":1,"k":[{"i":{"x":[0.833],"y":[0.833]},"o":{"x":[0.167],"y":[0.167]},"t":210,"s":[0]},{"t":230,"s":[100]}],"ix":11},"r":{"a":0,"k":0,"ix":10},"p":{"a":0,"k":[981,810,0],"ix":2},"a":{"a":0,"k":[256,256,0],"ix":1},"s":{"a":1,"k":[{"i":{"x":[0.11,0.11,0.11],"y":[1,1,1]},"o":{"x":[0.22,0.22,0.22],"y":[0,0,0]},"t":329,"s":[60.938,60.938,100]},{"t":369,"s":[113.938,113.938,100]}],"ix":6}},"ao":0,"ip":0,"op":611,"st":0,"bm":0},{"ddd":0,"ind":4,"ty":2,"nm":"扫描框","parent":5,"refId":"image_3","sr":1,"ks":{"o":{"a":1,"k":[{"i":{"x":[0.29],"y":[1]},"o":{"x":[0.42],"y":[0]},"t":180,"s":[0]},{"i":{"x":[0.29],"y":[1]},"o":{"x":[0.42],"y":[0]},"t":210,"s":[100]},{"i":{"x":[0.29],"y":[1]},"o":{"x":[0.42],"y":[0]},"t":329,"s":[100]},{"t":349,"s":[0]}],"ix":11},"r":{"a":0,"k":0,"ix":10},"p":{"a":0,"k":[321.737,237.569,0],"ix":2},"a":{"a":0,"k":[143.5,143.5,0],"ix":1},"s":{"a":1,"k":[{"i":{"x":[0.833,0.833,0.833],"y":[1,1,1]},"o":{"x":[0.42,0.42,0.42],"y":[0,0,0]},"t":180,"s":[0,0,100]},{"i":{"x":[0.29,0.29,0.29],"y":[1,1,1]},"o":{"x":[0.167,0.167,0.167],"y":[0,0,0]},"t":210,"s":[80,80,100]},{"t":228,"s":[73.358,73.358,100]}],"ix":6}},"ao":0,"ip":0,"op":611,"st":0,"bm":0},{"ddd":0,"ind":5,"ty":2,"nm":"手","refId":"image_4","sr":1,"ks":{"o":{"a":0,"k":100,"ix":11},"r":{"a":0,"k":0,"ix":10},"p":{"a":0,"k":[521,2169,0],"ix":2},"a":{"a":0,"k":[94.396,909.214,0],"ix":1},"s":{"a":1,"k":[{"i":{"x":[0.12,0.12,0.12],"y":[1,1,1]},"o":{"x":[0.2,0.2,0.2],"y":[0,0,0]},"t":160,"s":[0,0,100]},{"t":220,"s":[202.339,202.339,100]}],"ix":6}},"ao":0,"ip":0,"op":621,"st":0,"bm":0},{"ddd":0,"ind":6,"ty":0,"nm":"logo币 2","refId":"comp_0","sr":1,"ks":{"o":{"a":0,"k":100,"ix":11},"r":{"a":0,"k":2,"ix":10},"p":{"a":1,"k":[{"i":{"x":0.23,"y":1},"o":{"x":0.68,"y":0},"t":0,"s":[841,-86,0],"to":[0,163.333,0],"ti":[0,-160,0]},{"i":{"x":0.23,"y":1},"o":{"x":0.33,"y":0},"t":30,"s":[841,894,0],"to":[0,6,0],"ti":[-0.167,0.5,0]},{"i":{"x":0.667,"y":1},"o":{"x":0.33,"y":0},"t":50,"s":[841,756,0],"to":[0.167,-0.5,0],"ti":[0,-0.667,0]},{"i":{"x":0.667,"y":1},"o":{"x":0.167,"y":0},"t":60,"s":[841,895,0],"to":[0,0.667,0],"ti":[0,0.667,0]},{"t":70,"s":[849,894,0]}],"ix":2},"a":{"a":0,"k":[63,58,0],"ix":1},"s":{"a":1,"k":[{"i":{"x":[0.833,0.833,0.833],"y":[0.833,0.833,0.833]},"o":{"x":[0.167,0.167,0.167],"y":[0.167,0.167,0.167]},"t":5,"s":[100,100,100]},{"i":{"x":[0.833,0.833,0.833],"y":[0.833,0.833,0.833]},"o":{"x":[0.167,0.167,0.167],"y":[0.167,0.167,0.167]},"t":15,"s":[69,100,100]},{"i":{"x":[0.833,0.833,0.833],"y":[0.833,0.833,0.833]},"o":{"x":[0.167,0.167,0.167],"y":[0.167,0.167,0.167]},"t":22,"s":[69,100,100]},{"i":{"x":[0.833,0.833,0.833],"y":[0.833,0.833,0.833]},"o":{"x":[0.167,0.167,0.167],"y":[0.167,0.167,0.167]},"t":27,"s":[116,73,100]},{"i":{"x":[0.833,0.833,0.833],"y":[0.833,0.833,0.833]},"o":{"x":[0.167,0.167,0.167],"y":[0.167,0.167,0.167]},"t":31,"s":[116,73,100]},{"i":{"x":[0.833,0.833,0.833],"y":[0.833,0.833,0.833]},"o":{"x":[0.167,0.167,0.167],"y":[0.167,0.167,0.167]},"t":36,"s":[74,100,100]},{"i":{"x":[0.833,0.833,0.833],"y":[0.833,0.833,0.833]},"o":{"x":[0.167,0.167,0.167],"y":[0.167,0.167,0.167]},"t":46,"s":[74,100,100]},{"t":50,"s":[100,100,100]}],"ix":6}},"ao":0,"w":126,"h":116,"ip":0,"op":70,"st":0,"bm":0},{"ddd":0,"ind":7,"ty":0,"nm":"logo币","refId":"comp_0","sr":1,"ks":{"o":{"a":1,"k":[{"i":{"x":[0.833],"y":[0.833]},"o":{"x":[0.167],"y":[0.167]},"t":120,"s":[100]},{"t":135,"s":[0]}],"ix":11},"r":{"a":1,"k":[{"i":{"x":[0.01],"y":[1]},"o":{"x":[0.21],"y":[0]},"t":70,"s":[2]},{"t":120,"s":[162]}],"ix":10},"p":{"a":1,"k":[{"i":{"x":0.01,"y":1},"o":{"x":0.21,"y":0},"t":70,"s":[849,894,0],"to":[0,0,0],"ti":[0,0,0]},{"i":{"x":0.833,"y":0.833},"o":{"x":0.21,"y":0},"t":120,"s":[1129,894,0],"to":[0,0,0],"ti":[0,0,0]},{"t":150,"s":[1129,1406,0]}],"ix":2},"a":{"a":0,"k":[63,58,0],"ix":1},"s":{"a":1,"k":[{"i":{"x":[0.12,0.12,0.12],"y":[1,1,1]},"o":{"x":[0.23,0.23,0.23],"y":[0,0,0]},"t":120,"s":[100,100,100]},{"t":160,"s":[1550,1550,100]}],"ix":6}},"ao":0,"w":126,"h":116,"ip":70,"op":600,"st":0,"bm":0},{"ddd":0,"ind":8,"ty":2,"nm":"字","refId":"image_5","sr":1,"ks":{"o":{"a":1,"k":[{"i":{"x":[0.833],"y":[0.833]},"o":{"x":[0.167],"y":[0.167]},"t":70,"s":[100]},{"t":90,"s":[0]}],"ix":11},"r":{"a":0,"k":0,"ix":10},"p":{"a":0,"k":[1128,870,0],"ix":2},"a":{"a":0,"k":[325.5,78.5,0],"ix":1},"s":{"a":0,"k":[149.045,149.045,100],"ix":6}},"ao":0,"ip":0,"op":621,"st":0,"bm":0},{"ddd":0,"ind":9,"ty":4,"nm":"椭圆形","sr":1,"ks":{"o":{"a":1,"k":[{"i":{"x":[0.667],"y":[1]},"o":{"x":[0.333],"y":[0]},"t":120,"s":[0]},{"i":{"x":[0.667],"y":[1]},"o":{"x":[0.333],"y":[0]},"t":129,"s":[0]},{"t":160,"s":[100]}],"ix":11},"r":{"a":0,"k":0,"ix":10},"p":{"a":1,"k":[{"i":{"x":0.833,"y":0.833},"o":{"x":0.167,"y":0.167},"t":120,"s":[1128,891,0],"to":[0,0,0],"ti":[0,0,0]},{"t":160,"s":[1128,1413,0]}],"ix":2},"a":{"a":0,"k":[0,0,0],"ix":1},"s":{"a":1,"k":[{"i":{"x":[0.11,0.11,0.11],"y":[1,1,1]},"o":{"x":[0.24,0.24,0.24],"y":[0,0,0]},"t":120,"s":[0,0,100]},{"t":160,"s":[100,100,100]}],"ix":6}},"ao":0,"shapes":[{"ty":"gr","it":[{"d":1,"ty":"el","s":{"a":0,"k":[652,652],"ix":2},"p":{"a":0,"k":[0,0],"ix":3},"nm":"椭圆路径 1","mn":"ADBE Vector Shape - Ellipse","hd":false},{"ty":"fl","c":{"a":0,"k":[1,0.945098039216,0.835294117647,1],"ix":4},"o":{"a":0,"k":100,"ix":5},"r":1,"bm":0,"nm":"填充 1","mn":"ADBE Vector Graphic - Fill","hd":false},{"ty":"tr","p":{"a":0,"k":[0,0],"ix":2},"a":{"a":0,"k":[0,0],"ix":1},"s":{"a":0,"k":[300,300],"ix":3},"r":{"a":0,"k":0,"ix":6},"o":{"a":0,"k":100,"ix":7},"sk":{"a":0,"k":0,"ix":4},"sa":{"a":0,"k":0,"ix":5},"nm":"变换"}],"nm":"椭圆形","np":2,"cix":2,"bm":0,"ix":1,"mn":"ADBE Vector Group","hd":false}],"ip":0,"op":621,"st":0,"bm":0}],"markers":[]}